{"count":1,"self":85.1496896,"total":534.8771577,"children":{"AgentSendState":{"count":101734,"self":9.7141624,"total":146.2706416,"children":{"CollectObservations":{"count":325552,"self":1.5176528999999999,"total":1.5176528999999999,"children":null},"CollectDiscreteActionMasks":{"count":325552,"self":1.4273263999999999,"total":1.4273263999999999,"children":null},"AgentInfo.ToProto":{"count":325552,"self":5.1101415999999995,"total":133.6115002,"children":{"GenerateSensorData":{"count":325552,"self":97.291776,"total":128.5013584,"children":{"RayPerceptionSensor.Perceive":{"count":325552,"self":31.209580799999998,"total":31.2095806,"children":null}}}}}}},"DecideAction":{"count":101734,"self":302.5212672,"total":302.5212795,"children":null},"AgentAct":{"count":101734,"self":0.86999339999999992,"total":0.9345481,"children":{"AgentInfo.ToProto":{"count":160,"self":0.0030031,"total":0.064554699999999993,"children":{"GenerateSensorData":{"count":160,"self":0.043535899999999995,"total":0.0615516,"children":{"RayPerceptionSensor.Perceive":{"count":160,"self":0.0180157,"total":0.0180157,"children":null}}}}}}}},"gauges":{"CollectCrates.CumulativeReward":{"count":160,"max":6,"min":-2.75,"runningAverage":0.284375042,"value":0,"weightedAverage":0.460002363}},"metadata":{"timer_format_version":"0.1.0","start_time_seconds":"1603060873","unity_version":"2019.3.9f1","command_line_arguments":"C:\\Program Files\\Unity\\Hub\\Editor\\2019.3.9f1\\Editor\\Unity.exe -projectpath C:\/Users\/zacar\/Documents\/GitHub\/ML-Agents-Testing -useHub -hubIPC -cloudEnvironment production -hubSessionId 25d99820-10be-11eb-824d-2357a3f0159c -accessToken Uotdu3l63JXhpzEIZIBkJXziygSAnIxIx85cgmP3410001f","communication_protocol_version":"1.0.0","com.unity.ml-agents_version":"1.0.5","scene_name":"SampleScene","end_time_seconds":"1603061408"}}